country,category,lag,beta,ci_low,ci_high,standard_error,p_value,cumulative_pass_through,peak_lag,peak_coefficient,model_type,group_name,n_obs,r_squared,adj_r_squared
Non Oil Producer,"Alcoholic beverages, tobacco and narcotics",1,-0.00021113873665196494,-0.016841100954018296,0.016418823480714367,0.00848483051144886,0.9801472812818882,-0.014827608350027152,12,-0.009338635435056097,oil_group_category,Non Oil Producer,300,0.013250843098482679,-0.03160139130613171
Non Oil Producer,"Alcoholic beverages, tobacco and narcotics",2,-0.004122827776370945,-0.01656728022988698,0.008321624677145093,0.006349327105842909,0.5161231439599221,-0.014827608350027152,12,-0.009338635435056097,oil_group_category,Non Oil Producer,300,0.013250843098482679,-0.03160139130613171
Non Oil Producer,"Alcoholic beverages, tobacco and narcotics",3,-0.0006768936275854073,-0.011156585777621233,0.00980279852245042,0.005346879959375939,0.8992601611933542,-0.014827608350027152,12,-0.009338635435056097,oil_group_category,Non Oil Producer,300,0.013250843098482679,-0.03160139130613171
Non Oil Producer,"Alcoholic beverages, tobacco and narcotics",4,-0.0032066030688567017,-0.01603821606545482,0.009625009927741417,0.0065468616249136444,0.6242808090806624,-0.014827608350027152,12,-0.009338635435056097,oil_group_category,Non Oil Producer,300,0.013250843098482679,-0.03160139130613171
Non Oil Producer,"Alcoholic beverages, tobacco and narcotics",5,-0.0014005978167706216,-0.012239864690631886,0.009438669057090643,0.005530339822241643,0.8000695460768649,-0.014827608350027152,12,-0.009338635435056097,oil_group_category,Non Oil Producer,300,0.013250843098482679,-0.03160139130613171
Non Oil Producer,"Alcoholic beverages, tobacco and narcotics",6,-0.002516720948211782,-0.011809454431253651,0.006776012534830088,0.004741277674662273,0.5955499606251294,-0.014827608350027152,12,-0.009338635435056097,oil_group_category,Non Oil Producer,300,0.013250843098482679,-0.03160139130613171
Non Oil Producer,"Alcoholic beverages, tobacco and narcotics",7,-0.0015897005298823345,-0.012296826988637061,0.009117425928872394,0.0054629200042506775,0.7710526062937176,-0.014827608350027152,12,-0.009338635435056097,oil_group_category,Non Oil Producer,300,0.013250843098482679,-0.03160139130613171
Non Oil Producer,"Alcoholic beverages, tobacco and narcotics",8,0.0024800707622272987,-0.006365646578594981,0.011325788103049579,0.004513204023439293,0.5826524606112127,-0.014827608350027152,12,-0.009338635435056097,oil_group_category,Non Oil Producer,300,0.013250843098482679,-0.03160139130613171
Non Oil Producer,"Alcoholic beverages, tobacco and narcotics",9,0.0032729797691689808,-0.0069613492547968454,0.013507308793134807,0.005221692390621924,0.5307874585520718,-0.014827608350027152,12,-0.009338635435056097,oil_group_category,Non Oil Producer,300,0.013250843098482679,-0.03160139130613171
Non Oil Producer,"Alcoholic beverages, tobacco and narcotics",10,0.0004655457434844211,-0.011990788829178676,0.012921880316147518,0.006355389522928521,0.941605493554107,-0.014827608350027152,12,-0.009338635435056097,oil_group_category,Non Oil Producer,300,0.013250843098482679,-0.03160139130613171
Non Oil Producer,"Alcoholic beverages, tobacco and narcotics",11,0.0020169133144780005,-0.008902048147815606,0.012935874776771609,0.005571001073703896,0.7173237375258686,-0.014827608350027152,12,-0.009338635435056097,oil_group_category,Non Oil Producer,300,0.013250843098482679,-0.03160139130613171
Non Oil Producer,"Alcoholic beverages, tobacco and narcotics",12,-0.009338635435056097,-0.020096524905252055,0.0014192540351398615,0.005488819975802014,0.08886936701189334,-0.014827608350027152,12,-0.009338635435056097,oil_group_category,Non Oil Producer,300,0.013250843098482679,-0.03160139130613171
Non Oil Producer,All Items,1,0.0037899033689729376,-0.003357584867838706,0.010937391605784582,0.0036467446816319683,0.298685427379356,0.023271078847364613,3,0.005226607896046466,oil_group_category,Non Oil Producer,300,0.026977379840740556,-0.017250921075589343
Non Oil Producer,All Items,2,0.0032425864795459494,-0.005648786953549826,0.012133959912641726,0.004536498376107824,0.4747466069207934,0.023271078847364613,3,0.005226607896046466,oil_group_category,Non Oil Producer,300,0.026977379840740556,-0.017250921075589343
Non Oil Producer,All Items,3,0.005226607896046466,-0.001737426554452308,0.012190642346545238,0.0035531440911313623,0.1412962211903084,0.023271078847364613,3,0.005226607896046466,oil_group_category,Non Oil Producer,300,0.026977379840740556,-0.017250921075589343
Non Oil Producer,All Items,4,0.0016636818613317678,-0.004994271127093188,0.008321634849756723,0.0033969772102661272,0.6243082590356475,0.023271078847364613,3,0.005226607896046466,oil_group_category,Non Oil Producer,300,0.026977379840740556,-0.017250921075589343
Non Oil Producer,All Items,5,-0.0004864936337729874,-0.006307995642888068,0.005335008375342093,0.0029702086645644237,0.8698956275504306,0.023271078847364613,3,0.005226607896046466,oil_group_category,Non Oil Producer,300,0.026977379840740556,-0.017250921075589343
Non Oil Producer,All Items,6,0.0036997924188357885,-0.0021493177357546035,0.00954890257342618,0.002984294711906661,0.21506625923512368,0.023271078847364613,3,0.005226607896046466,oil_group_category,Non Oil Producer,300,0.026977379840740556,-0.017250921075589343
Non Oil Producer,All Items,7,-0.0010722636470864308,-0.006222187400514892,0.00407766010634203,0.0026275604011351244,0.6832124844483415,0.023271078847364613,3,0.005226607896046466,oil_group_category,Non Oil Producer,300,0.026977379840740556,-0.017250921075589343
Non Oil Producer,All Items,8,0.003717766416580801,-0.0011651824852892288,0.00860071531845083,0.002491346239209551,0.13562783484015412,0.023271078847364613,3,0.005226607896046466,oil_group_category,Non Oil Producer,300,0.026977379840740556,-0.017250921075589343
Non Oil Producer,All Items,9,0.0017172365012038124,-0.003337983273972129,0.006772456276379754,0.002579241157006389,0.5055444623301975,0.023271078847364613,3,0.005226607896046466,oil_group_category,Non Oil Producer,300,0.026977379840740556,-0.017250921075589343
Non Oil Producer,All Items,10,0.0032783769204651576,-0.0020669676048779015,0.008623721445808218,0.0027272667087285558,0.2293347850763482,0.023271078847364613,3,0.005226607896046466,oil_group_category,Non Oil Producer,300,0.026977379840740556,-0.017250921075589343
Non Oil Producer,All Items,11,0.0007859407097684963,-0.006040928534563633,0.007612809954100626,0.0034831605571232957,0.8214813467710518,0.023271078847364613,3,0.005226607896046466,oil_group_category,Non Oil Producer,300,0.026977379840740556,-0.017250921075589343
Non Oil Producer,All Items,12,-0.002292056444527145,-0.008563264745167137,0.003979151856112848,0.0031996548661641154,0.4737784087677447,0.023271078847364613,3,0.005226607896046466,oil_group_category,Non Oil Producer,300,0.026977379840740556,-0.017250921075589343
Non Oil Producer,Clothing and footwear,1,-0.002994704289721741,-0.01778099785964961,0.011791589280206129,0.007544165957415681,0.6913996779214817,0.002811143794814712,2,0.013435497330679672,oil_group_category,Non Oil Producer,300,0.038027843017263585,-0.005698164118315363
Non Oil Producer,Clothing and footwear,2,0.013435497330679672,-0.0015538367758371006,0.028424831437196443,0.007647759971484542,0.07895385345137168,0.002811143794814712,2,0.013435497330679672,oil_group_category,Non Oil Producer,300,0.038027843017263585,-0.005698164118315363
Non Oil Producer,Clothing and footwear,3,-0.00858021073100474,-0.021216119709354733,0.004055698247345252,0.006447010801229222,0.18322783566111045,0.002811143794814712,2,0.013435497330679672,oil_group_category,Non Oil Producer,300,0.038027843017263585,-0.005698164118315363
Non Oil Producer,Clothing and footwear,4,-0.003636359289252564,-0.01442701406166877,0.007154295483163642,0.0055055372739149875,0.5089386208988124,0.002811143794814712,2,0.013435497330679672,oil_group_category,Non Oil Producer,300,0.038027843017263585,-0.005698164118315363
Non Oil Producer,Clothing and footwear,5,0.004115477908009815,-0.005094352073193905,0.013325307889213534,0.004698979192398271,0.38112581838990944,0.002811143794814712,2,0.013435497330679672,oil_group_category,Non Oil Producer,300,0.038027843017263585,-0.005698164118315363
Non Oil Producer,Clothing and footwear,6,0.003953680251382264,-0.0059875137825367635,0.013894874285301291,0.0050721309740045725,0.4356905596453762,0.002811143794814712,2,0.013435497330679672,oil_group_category,Non Oil Producer,300,0.038027843017263585,-0.005698164118315363
Non Oil Producer,Clothing and footwear,7,-0.00449743795006995,-0.014531085249611445,0.005536209349471546,0.005119301874261785,0.3796585302004444,0.002811143794814712,2,0.013435497330679672,oil_group_category,Non Oil Producer,300,0.038027843017263585,-0.005698164118315363
Non Oil Producer,Clothing and footwear,8,0.003011605757713458,-0.005767016975071726,0.011790228490498643,0.004478971451531682,0.5013368479084495,0.002811143794814712,2,0.013435497330679672,oil_group_category,Non Oil Producer,300,0.038027843017263585,-0.005698164118315363
Non Oil Producer,Clothing and footwear,9,0.00012352464180197904,-0.012184594596869793,0.012431643880473752,0.006279768065003565,0.984306418925745,0.002811143794814712,2,0.013435497330679672,oil_group_category,Non Oil Producer,300,0.038027843017263585,-0.005698164118315363
Non Oil Producer,Clothing and footwear,10,-0.0009029045139479252,-0.009313718071592926,0.007507909043697076,0.004291310260794803,0.8333531584654816,0.002811143794814712,2,0.013435497330679672,oil_group_category,Non Oil Producer,300,0.038027843017263585,-0.005698164118315363
Non Oil Producer,Clothing and footwear,11,-0.0003919825228495561,-0.010695530656059533,0.00991156561036042,0.005257008911634628,0.940561783113332,0.002811143794814712,2,0.013435497330679672,oil_group_category,Non Oil Producer,300,0.038027843017263585,-0.005698164118315363
Non Oil Producer,Clothing and footwear,12,-0.0008250427979259998,-0.010158440217594704,0.008508354621742705,0.004762024962340815,0.8624512966951988,0.002811143794814712,2,0.013435497330679672,oil_group_category,Non Oil Producer,300,0.038027843017263585,-0.005698164118315363
Non Oil Producer,Communication,1,-0.022185769132895713,-0.057355676637493525,0.012984138371702095,0.017944160087641176,0.21631799930986628,0.08259810081934316,9,0.04387675380995763,oil_group_category,Non Oil Producer,300,0.033640916400762166,-0.010284496490112316
Non Oil Producer,Communication,2,0.03018577725941408,-0.007037970547166008,0.06740952506599417,0.018992057048086732,0.11197246937673243,0.08259810081934316,9,0.04387675380995763,oil_group_category,Non Oil Producer,300,0.033640916400762166,-0.010284496490112316
Non Oil Producer,Communication,3,-0.00766210088447274,-0.026652589720265064,0.011328387951319584,0.009689202957598649,0.4290679873423039,0.08259810081934316,9,0.04387675380995763,oil_group_category,Non Oil Producer,300,0.033640916400762166,-0.010284496490112316
Non Oil Producer,Communication,4,0.022276679364085374,-0.015921906509146884,0.06047526523731763,0.019489432548015082,0.2530330956371476,0.08259810081934316,9,0.04387675380995763,oil_group_category,Non Oil Producer,300,0.033640916400762166,-0.010284496490112316
Non Oil Producer,Communication,5,-0.018780490596619254,-0.03829408400991377,0.000733102816675265,0.009956097952419155,0.05925044021945691,0.08259810081934316,9,0.04387675380995763,oil_group_category,Non Oil Producer,300,0.033640916400762166,-0.010284496490112316
Non Oil Producer,Communication,6,-0.004683726841428324,-0.03200650378745422,0.022639050104597574,0.013940448478413112,0.7368851390474654,0.08259810081934316,9,0.04387675380995763,oil_group_category,Non Oil Producer,300,0.033640916400762166,-0.010284496490112316
Non Oil Producer,Communication,7,0.01283919853800941,-0.01561456673233864,0.04129296380835746,0.014517493941106938,0.3764830403090872,0.08259810081934316,9,0.04387675380995763,oil_group_category,Non Oil Producer,300,0.033640916400762166,-0.010284496490112316
Non Oil Producer,Communication,8,-0.010537789966638865,-0.061640592394519786,0.040565012461242056,0.026073337485266725,0.6860953510369667,0.08259810081934316,9,0.04387675380995763,oil_group_category,Non Oil Producer,300,0.033640916400762166,-0.010284496490112316
Non Oil Producer,Communication,9,0.04387675380995763,-0.03902834209318262,0.1267818497130979,0.042299295577411154,0.2995994306029153,0.08259810081934316,9,0.04387675380995763,oil_group_category,Non Oil Producer,300,0.033640916400762166,-0.010284496490112316
Non Oil Producer,Communication,10,0.004101666401385133,-0.013948855151301065,0.022152187954071333,0.009209619000688998,0.6560540842467572,0.08259810081934316,9,0.04387675380995763,oil_group_category,Non Oil Producer,300,0.033640916400762166,-0.010284496490112316
Non Oil Producer,Communication,11,0.010056230028383314,-0.039743403113977074,0.059855863170743706,0.025408442979143263,0.6922651120000226,0.08259810081934316,9,0.04387675380995763,oil_group_category,Non Oil Producer,300,0.033640916400762166,-0.010284496490112316
Non Oil Producer,Communication,12,0.02311167284016311,-0.02884838712662192,0.07507173280694814,0.02651072181766571,0.38332520123471125,0.08259810081934316,9,0.04387675380995763,oil_group_category,Non Oil Producer,300,0.033640916400762166,-0.010284496490112316
Non Oil Producer,Education,1,-0.015124490240251117,-0.03563665062915209,0.005387670148649859,0.01046558026101412,0.1484115464019124,0.044870546798299375,9,0.02932930349647286,oil_group_category,Non Oil Producer,300,0.04333880647916177,-0.00014579322633090364
Non Oil Producer,Education,2,0.00899185599209178,-0.006341892198905991,0.02432560418308955,0.007823484672141131,0.25041517181987605,0.044870546798299375,9,0.02932930349647286,oil_group_category,Non Oil Producer,300,0.04333880647916177,-0.00014579322633090364
Non Oil Producer,Education,3,-0.002084284435453678,-0.025627324031742296,0.02145875516083494,0.012011975618936426,0.8622449053969304,0.044870546798299375,9,0.02932930349647286,oil_group_category,Non Oil Producer,300,0.04333880647916177,-0.00014579322633090364
Non Oil Producer,Education,4,-0.0007377312129829908,-0.023987308024734144,0.022511845598768163,0.011862246957158831,0.9504103125180494,0.044870546798299375,9,0.02932930349647286,oil_group_category,Non Oil Producer,300,0.04333880647916177,-0.00014579322633090364
Non Oil Producer,Education,5,-0.005797634611843622,-0.023619649607776357,0.01202438038408911,0.009093031880437863,0.5237400043298571,0.044870546798299375,9,0.02932930349647286,oil_group_category,Non Oil Producer,300,0.04333880647916177,-0.00014579322633090364
Non Oil Producer,Education,6,-0.005678120963353548,-0.016763227836098606,0.00540698590939151,0.005655770697922496,0.31540186465538256,0.044870546798299375,9,0.02932930349647286,oil_group_category,Non Oil Producer,300,0.04333880647916177,-0.00014579322633090364
Non Oil Producer,Education,7,0.010055038635240272,-0.0026537100504051697,0.022763787320885714,0.0064841746000898134,0.1209725191711373,0.044870546798299375,9,0.02932930349647286,oil_group_category,Non Oil Producer,300,0.04333880647916177,-0.00014579322633090364
Non Oil Producer,Education,8,-0.0020016038299578405,-0.0150043301628872,0.01100112250297152,0.0066341659517691175,0.7628720388532786,0.044870546798299375,9,0.02932930349647286,oil_group_category,Non Oil Producer,300,0.04333880647916177,-0.00014579322633090364
Non Oil Producer,Education,9,0.02932930349647286,-0.025606500808109427,0.08426510780105514,0.028028986623177213,0.29538014858504347,0.044870546798299375,9,0.02932930349647286,oil_group_category,Non Oil Producer,300,0.04333880647916177,-0.00014579322633090364
Non Oil Producer,Education,10,0.007413230500544373,-0.006767126712864275,0.02159358771395302,0.007235009074279679,0.30553629305258345,0.044870546798299375,9,0.02932930349647286,oil_group_category,Non Oil Producer,300,0.04333880647916177,-0.00014579322633090364
Non Oil Producer,Education,11,0.01033994120034932,-0.016710810167352368,0.037390692568051005,0.01380165736772439,0.4537480437123117,0.044870546798299375,9,0.02932930349647286,oil_group_category,Non Oil Producer,300,0.04333880647916177,-0.00014579322633090364
Non Oil Producer,Education,12,0.01016504226744356,-0.010792493730229297,0.031122578265116416,0.010692816889995545,0.34178607219096335,0.044870546798299375,9,0.02932930349647286,oil_group_category,Non Oil Producer,300,0.04333880647916177,-0.00014579322633090364
Non Oil Producer,Food and non-alcoholic beverages,1,0.011623089921089156,-0.012644157752018145,0.03589033759419646,0.012381476325342842,0.34785998574409394,0.002293669035373475,7,0.025158681271927635,oil_group_category,Non Oil Producer,300,0.02777825499449027,-0.016413642505760162
Non Oil Producer,Food and non-alcoholic beverages,2,-0.014022215393804948,-0.047010199923445475,0.018965769135835576,0.016830913623844895,0.4047755594967368,0.002293669035373475,7,0.025158681271927635,oil_group_category,Non Oil Producer,300,0.02777825499449027,-0.016413642505760162
Non Oil Producer,Food and non-alcoholic beverages,3,0.0010097142621574321,-0.0116297318742444,0.013649160398559266,0.00644881550686654,0.8755809097260603,0.002293669035373475,7,0.025158681271927635,oil_group_category,Non Oil Producer,300,0.02777825499449027,-0.016413642505760162
Non Oil Producer,Food and non-alcoholic beverages,4,-0.019937227433425856,-0.06492652984096514,0.025052074974113426,0.022954147505979274,0.3850837153376083,0.002293669035373475,7,0.025158681271927635,oil_group_category,Non Oil Producer,300,0.02777825499449027,-0.016413642505760162
Non Oil Producer,Food and non-alcoholic beverages,5,0.019851352368568005,-0.012935081870647139,0.05263778660778315,0.016728079953422795,0.23534267535688203,0.002293669035373475,7,0.025158681271927635,oil_group_category,Non Oil Producer,300,0.02777825499449027,-0.016413642505760162
Non Oil Producer,Food and non-alcoholic beverages,6,-0.0001777838891494684,-0.01811695146394586,0.01776138368564692,0.009152804702687527,0.9845028812945801,0.002293669035373475,7,0.025158681271927635,oil_group_category,Non Oil Producer,300,0.02777825499449027,-0.016413642505760162
Non Oil Producer,Food and non-alcoholic beverages,7,0.025158681271927635,-0.02251231853853433,0.0728296810823896,0.024322385608350323,0.30095678201962983,0.002293669035373475,7,0.025158681271927635,oil_group_category,Non Oil Producer,300,0.02777825499449027,-0.016413642505760162
Non Oil Producer,Food and non-alcoholic beverages,8,0.006334714815775643,-0.006927418239346875,0.01959684787089816,0.006766518752248782,0.34917783396998003,0.002293669035373475,7,0.025158681271927635,oil_group_category,Non Oil Producer,300,0.02777825499449027,-0.016413642505760162
Non Oil Producer,Food and non-alcoholic beverages,9,-0.018126677744619533,-0.059445778511178334,0.023192423021939267,0.021081561239124084,0.3898796489763853,0.002293669035373475,7,0.025158681271927635,oil_group_category,Non Oil Producer,300,0.02777825499449027,-0.016413642505760162
Non Oil Producer,Food and non-alcoholic beverages,10,0.014521173671583988,-0.001476742723250029,0.030519090066418005,0.00816235222739986,0.07523275111269632,0.002293669035373475,7,0.025158681271927635,oil_group_category,Non Oil Producer,300,0.02777825499449027,-0.016413642505760162
Non Oil Producer,Food and non-alcoholic beverages,11,-0.012063984570633682,-0.02912700806428813,0.004999038923020765,0.008705784202284022,0.1658252156992509,0.002293669035373475,7,0.025158681271927635,oil_group_category,Non Oil Producer,300,0.02777825499449027,-0.016413642505760162
Non Oil Producer,Food and non-alcoholic beverages,12,-0.0118771682440949,-0.029495381535927984,0.005741045047738183,0.008989049508462044,0.18640368518629835,0.002293669035373475,7,0.025158681271927635,oil_group_category,Non Oil Producer,300,0.02777825499449027,-0.016413642505760162
Non Oil Producer,"Furnishings, household equipment and routine household maintenance",1,0.001870319492916299,-0.00980260120165768,0.013543240187490277,0.005955681219985922,0.7534909951197941,0.007907756743085597,9,0.008773810530568976,oil_group_category,Non Oil Producer,300,0.09409514796729701,0.052917654693083294
Non Oil Producer,"Furnishings, household equipment and routine household maintenance",2,-0.00508424534666846,-0.015238643075110785,0.005070152381773865,0.005180910368016412,0.32642407912606974,0.007907756743085597,9,0.008773810530568976,oil_group_category,Non Oil Producer,300,0.09409514796729701,0.052917654693083294
Non Oil Producer,"Furnishings, household equipment and routine household maintenance",3,-0.003153891290420008,-0.01096303272085046,0.004655250140010444,0.003984329044833458,0.42860911046049766,0.007907756743085597,9,0.008773810530568976,oil_group_category,Non Oil Producer,300,0.09409514796729701,0.052917654693083294
Non Oil Producer,"Furnishings, household equipment and routine household maintenance",4,0.004888385184894165,-0.0019828327551348725,0.011759603124923204,0.003505787858464915,0.16320420060140872,0.007907756743085597,9,0.008773810530568976,oil_group_category,Non Oil Producer,300,0.09409514796729701,0.052917654693083294
Non Oil Producer,"Furnishings, household equipment and routine household maintenance",5,-0.004710632744920905,-0.011390584037904671,0.0019693185480628627,0.00340820104128156,0.16692675885574992,0.007907756743085597,9,0.008773810530568976,oil_group_category,Non Oil Producer,300,0.09409514796729701,0.052917654693083294
Non Oil Producer,"Furnishings, household equipment and routine household maintenance",6,0.00542290367791393,-0.0030911021567455697,0.013936909512573429,0.0043439603491782965,0.21189273380827367,0.007907756743085597,9,0.008773810530568976,oil_group_category,Non Oil Producer,300,0.09409514796729701,0.052917654693083294
Non Oil Producer,"Furnishings, household equipment and routine household maintenance",7,-0.004154091358183369,-0.012679063547712515,0.0043708808313457775,0.004349555531006202,0.33954679141824895,0.007907756743085597,9,0.008773810530568976,oil_group_category,Non Oil Producer,300,0.09409514796729701,0.052917654693083294
Non Oil Producer,"Furnishings, household equipment and routine household maintenance",8,0.004537929950792955,-0.0019463781030737235,0.011022238004659634,0.003308381227927693,0.17017347125531046,0.007907756743085597,9,0.008773810530568976,oil_group_category,Non Oil Producer,300,0.09409514796729701,0.052917654693083294
Non Oil Producer,"Furnishings, household equipment and routine household maintenance",9,0.008773810530568976,-8.292887158260244e-05,0.017630549932720556,0.0045188276274525496,0.05218407343458281,0.007907756743085597,9,0.008773810530568976,oil_group_category,Non Oil Producer,300,0.09409514796729701,0.052917654693083294
Non Oil Producer,"Furnishings, household equipment and routine household maintenance",10,-0.003217681754130494,-0.008780467744691295,0.0023451042364303065,0.0028382082703760614,0.2569196648133577,0.007907756743085597,9,0.008773810530568976,oil_group_category,Non Oil Producer,300,0.09409514796729701,0.052917654693083294
Non Oil Producer,"Furnishings, household equipment and routine household maintenance",11,-0.0008794813672027904,-0.007930851496369278,0.006171888761963697,0.003597703929657277,0.8068774480857842,0.007907756743085597,9,0.008773810530568976,oil_group_category,Non Oil Producer,300,0.09409514796729701,0.052917654693083294
Non Oil Producer,"Furnishings, household equipment and routine household maintenance",12,0.003614431767525298,-0.0023154510915694452,0.009544314626620042,0.0030255060326969795,0.23222238604460477,0.007907756743085597,9,0.008773810530568976,oil_group_category,Non Oil Producer,300,0.09409514796729701,0.052917654693083294
Non Oil Producer,Health,1,-0.0048144897823257015,-0.0193666003960691,0.009737620831417697,0.007424682661787967,0.5166979190549945,-0.0029328780304777383,2,0.013577080666323526,oil_group_category,Non Oil Producer,300,0.04020114827966903,-0.0034260722530732313
Non Oil Producer,Health,2,0.013577080666323526,-0.0029482854935020605,0.030102446826149112,0.008431464195350307,0.10733512583032113,-0.0029328780304777383,2,0.013577080666323526,oil_group_category,Non Oil Producer,300,0.04020114827966903,-0.0034260722530732313
Non Oil Producer,Health,3,-0.01163865213304852,-0.02570389823865033,0.0024265939725532926,0.0071762778380351265,0.1048412617809766,-0.0029328780304777383,2,0.013577080666323526,oil_group_category,Non Oil Producer,300,0.04020114827966903,-0.0034260722530732313
Non Oil Producer,Health,4,-0.007310208392054995,-0.01965508637885127,0.005034669594741279,0.0062985228729563894,0.24579538476192675,-0.0029328780304777383,2,0.013577080666323526,oil_group_category,Non Oil Producer,300,0.04020114827966903,-0.0034260722530732313
Non Oil Producer,Health,5,0.0001463766284181304,-0.008801084785907926,0.009093838042744187,0.00456511521890325,0.9744208772614361,-0.0029328780304777383,2,0.013577080666323526,oil_group_category,Non Oil Producer,300,0.04020114827966903,-0.0034260722530732313
Non Oil Producer,Health,6,0.0033528930973867116,-0.00656953920274471,0.013275325397518134,0.005062558484950898,0.507783961971948,-0.0029328780304777383,2,0.013577080666323526,oil_group_category,Non Oil Producer,300,0.04020114827966903,-0.0034260722530732313
Non Oil Producer,Health,7,0.0010098309374366253,-0.008107855935962492,0.010127517810835741,0.004651966538833503,0.8281490085146324,-0.0029328780304777383,2,0.013577080666323526,oil_group_category,Non Oil Producer,300,0.04020114827966903,-0.0034260722530732313
Non Oil Producer,Health,8,0.002429539601386705,-0.007268583706982977,0.012127662909756386,0.004948113018844857,0.6234241449317034,-0.0029328780304777383,2,0.013577080666323526,oil_group_category,Non Oil Producer,300,0.04020114827966903,-0.0034260722530732313
Non Oil Producer,Health,9,0.004345212790472726,-0.005854718405165102,0.014545143986110554,0.005204142155719995,0.40374431406417144,-0.0029328780304777383,2,0.013577080666323526,oil_group_category,Non Oil Producer,300,0.04020114827966903,-0.0034260722530732313
Non Oil Producer,Health,10,-0.0028166543868830135,-0.012942416548718118,0.007309107774952091,0.005166300116586746,0.5856176269926656,-0.0029328780304777383,2,0.013577080666323526,oil_group_category,Non Oil Producer,300,0.04020114827966903,-0.0034260722530732313
Non Oil Producer,Health,11,-0.0009076280866128533,-0.0129515632129496,0.011136307039723894,0.006144977775784541,0.8825776219238567,-0.0029328780304777383,2,0.013577080666323526,oil_group_category,Non Oil Producer,300,0.04020114827966903,-0.0034260722530732313
Non Oil Producer,Health,12,-0.0003061789709770783,-0.012033260776057073,0.011420902834102915,0.005983314947408075,0.9591883596898705,-0.0029328780304777383,2,0.013577080666323526,oil_group_category,Non Oil Producer,300,0.04020114827966903,-0.0034260722530732313
Non Oil Producer,"Housing, water, electricity, gas and other fuels",1,0.006240869118590008,-0.0036279664643235248,0.016109704701503542,0.005035212718579346,0.21518075321470964,0.04241932163230187,6,0.0170753764300636,oil_group_category,Non Oil Producer,300,0.069063206952926,0.026747898178059004
Non Oil Producer,"Housing, water, electricity, gas and other fuels",2,-0.00751612456974269,-0.023064854879696364,0.008032605740210981,0.007933171442230609,0.3434197133536767,0.04241932163230187,6,0.0170753764300636,oil_group_category,Non Oil Producer,300,0.069063206952926,0.026747898178059004
Non Oil Producer,"Housing, water, electricity, gas and other fuels",3,0.008222656100342732,-0.0023620186800506187,0.018807330880736085,0.005400443510127694,0.12786155347680708,0.04241932163230187,6,0.0170753764300636,oil_group_category,Non Oil Producer,300,0.069063206952926,0.026747898178059004
Non Oil Producer,"Housing, water, electricity, gas and other fuels",4,0.005580013103544698,-0.006131772868888955,0.017291799075978352,0.005975510807757044,0.3504000663519258,0.04241932163230187,6,0.0170753764300636,oil_group_category,Non Oil Producer,300,0.069063206952926,0.026747898178059004
Non Oil Producer,"Housing, water, electricity, gas and other fuels",5,-0.0012714390442650648,-0.010833175259809787,0.008290297171279657,0.004878526488734731,0.7943859646377491,0.04241932163230187,6,0.0170753764300636,oil_group_category,Non Oil Producer,300,0.069063206952926,0.026747898178059004
Non Oil Producer,"Housing, water, electricity, gas and other fuels",6,0.0170753764300636,0.0008288156755268776,0.03332193718460032,0.008289213925708595,0.03940320333045279,0.04241932163230187,6,0.0170753764300636,oil_group_category,Non Oil Producer,300,0.069063206952926,0.026747898178059004
Non Oil Producer,"Housing, water, electricity, gas and other fuels",7,-0.0072209704058704945,-0.021339101379458512,0.006897160567717523,0.0072032604093493725,0.31612214800546146,0.04241932163230187,6,0.0170753764300636,oil_group_category,Non Oil Producer,300,0.069063206952926,0.026747898178059004
Non Oil Producer,"Housing, water, electricity, gas and other fuels",8,0.0104175948427238,-0.0014566203619872618,0.02229181004743486,0.006058384387862918,0.08551727520442902,0.04241932163230187,6,0.0170753764300636,oil_group_category,Non Oil Producer,300,0.069063206952926,0.026747898178059004
Non Oil Producer,"Housing, water, electricity, gas and other fuels",9,0.009799779489341763,-0.00186781197970475,0.021467370958388278,0.005952962177406823,0.09972213453827831,0.04241932163230187,6,0.0170753764300636,oil_group_category,Non Oil Producer,300,0.069063206952926,0.026747898178059004
Non Oil Producer,"Housing, water, electricity, gas and other fuels",10,-0.0027704766555101887,-0.011318968688041936,0.005778015377021559,0.004361555671410884,0.525295517310734,0.04241932163230187,6,0.0170753764300636,oil_group_category,Non Oil Producer,300,0.069063206952926,0.026747898178059004
Non Oil Producer,"Housing, water, electricity, gas and other fuels",11,0.0011206470100041154,-0.00945423685175276,0.011695530871760989,0.005395448051683709,0.8354614158943582,0.04241932163230187,6,0.0170753764300636,oil_group_category,Non Oil Producer,300,0.069063206952926,0.026747898178059004
Non Oil Producer,"Housing, water, electricity, gas and other fuels",12,0.0027413962130795827,-0.007380369434820694,0.012863161860979858,0.00516426104139641,0.5955296745631352,0.04241932163230187,6,0.0170753764300636,oil_group_category,Non Oil Producer,300,0.069063206952926,0.026747898178059004
Non Oil Producer,Miscellaneous goods and services,1,-0.010881637531096177,-0.02822681911089426,0.006463544048701905,0.00884974505481461,0.2188473105571329,-0.006498820487426383,1,-0.010881637531096177,oil_group_category,Non Oil Producer,300,0.026621403014978395,-0.017623078666158865
Non Oil Producer,Miscellaneous goods and services,2,-0.004120811191524571,-0.018425919596421963,0.010184297213372821,0.007298658810944621,0.5723469440415265,-0.006498820487426383,1,-0.010881637531096177,oil_group_category,Non Oil Producer,300,0.026621403014978395,-0.017623078666158865
Non Oil Producer,Miscellaneous goods and services,3,-0.005631482293426111,-0.01864456357141873,0.007381598984566509,0.006639449184086108,0.3963348584293789,-0.006498820487426383,1,-0.010881637531096177,oil_group_category,Non Oil Producer,300,0.026621403014978395,-0.017623078666158865
Non Oil Producer,Miscellaneous goods and services,4,-0.005671488421465153,-0.020294714678801916,0.008951737835871608,0.007460966820147158,0.44716216512338514,-0.006498820487426383,1,-0.010881637531096177,oil_group_category,Non Oil Producer,300,0.026621403014978395,-0.017623078666158865
Non Oil Producer,Miscellaneous goods and services,5,0.0005140989044736533,-0.009411985694940754,0.01044018350388806,0.005064421937193793,0.9191441411103217,-0.006498820487426383,1,-0.010881637531096177,oil_group_category,Non Oil Producer,300,0.026621403014978395,-0.017623078666158865
Non Oil Producer,Miscellaneous goods and services,6,0.003159501804939636,-0.00872372908461492,0.015042732694494193,0.006062984311593461,0.6022878415076255,-0.006498820487426383,1,-0.010881637531096177,oil_group_category,Non Oil Producer,300,0.026621403014978395,-0.017623078666158865
Non Oil Producer,Miscellaneous goods and services,7,-0.0024948359563541854,-0.014268649360775133,0.009278977448066762,0.006007158038255441,0.6779145976313714,-0.006498820487426383,1,-0.010881637531096177,oil_group_category,Non Oil Producer,300,0.026621403014978395,-0.017623078666158865
Non Oil Producer,Miscellaneous goods and services,8,0.009454802115050585,-0.0019700708179791887,0.02087967504808036,0.005829123914086031,0.10480470259133266,-0.006498820487426383,1,-0.010881637531096177,oil_group_category,Non Oil Producer,300,0.026621403014978395,-0.017623078666158865
Non Oil Producer,Miscellaneous goods and services,9,0.005444506662614118,-0.01795747830316473,0.028846491628392965,0.011940007648288805,0.6483982186352495,-0.006498820487426383,1,-0.010881637531096177,oil_group_category,Non Oil Producer,300,0.026621403014978395,-0.017623078666158865
Non Oil Producer,Miscellaneous goods and services,10,-0.0028673158301222423,-0.01510046876666301,0.009365837106418525,0.006241519248840447,0.6459513324842941,-0.006498820487426383,1,-0.010881637531096177,oil_group_category,Non Oil Producer,300,0.026621403014978395,-0.017623078666158865
Non Oil Producer,Miscellaneous goods and services,11,0.003577592227900895,-0.00881421512475856,0.01596939958056035,0.006322466866944725,0.5714931350853747,-0.006498820487426383,1,-0.010881637531096177,oil_group_category,Non Oil Producer,300,0.026621403014978395,-0.017623078666158865
Non Oil Producer,Miscellaneous goods and services,12,0.003018249021583166,-0.006864654904537448,0.01290115294770378,0.005042390576600234,0.5494563205321359,-0.006498820487426383,1,-0.010881637531096177,oil_group_category,Non Oil Producer,300,0.026621403014978395,-0.017623078666158865
Non Oil Producer,Recreation and culture,1,-0.00461662240274926,-0.02258680058926936,0.013353555783770838,0.009168626734096429,0.6145960033205815,0.01956826511213796,9,0.014331894786959117,oil_group_category,Non Oil Producer,300,0.03157861277736895,-0.012440541187296095
Non Oil Producer,Recreation and culture,2,-0.0044657654378001755,-0.01681340080698694,0.007881869931386593,0.006299929726557906,0.4784116303800814,0.01956826511213796,9,0.014331894786959117,oil_group_category,Non Oil Producer,300,0.03157861277736895,-0.012440541187296095
Non Oil Producer,Recreation and culture,3,-0.0007930615473501186,-0.012640467956937327,0.011054344862237091,0.006044706179826793,0.8956176067866713,0.01956826511213796,9,0.014331894786959117,oil_group_category,Non Oil Producer,300,0.03157861277736895,-0.012440541187296095
Non Oil Producer,Recreation and culture,4,0.00250453803105577,-0.009064500115113146,0.014073576177224685,0.005902678945850033,0.6713431658069979,0.01956826511213796,9,0.014331894786959117,oil_group_category,Non Oil Producer,300,0.03157861277736895,-0.012440541187296095
Non Oil Producer,Recreation and culture,5,0.0050406650970472085,-0.0062491236535345916,0.01633045384762901,0.0057602021463834105,0.3815277901416434,0.01956826511213796,9,0.014331894786959117,oil_group_category,Non Oil Producer,300,0.03157861277736895,-0.012440541187296095
Non Oil Producer,Recreation and culture,6,-0.0063378625381381405,-0.018392342670208478,0.005716617593932198,0.006150357979613166,0.302781558905331,0.01956826511213796,9,0.014331894786959117,oil_group_category,Non Oil Producer,300,0.03157861277736895,-0.012440541187296095
Non Oil Producer,Recreation and culture,7,0.008219330501693725,-0.0006764238022434685,0.01711508480563092,0.004538733555364164,0.07015162852802174,0.01956826511213796,9,0.014331894786959117,oil_group_category,Non Oil Producer,300,0.03157861277736895,-0.012440541187296095
Non Oil Producer,Recreation and culture,8,-0.00199616358071595,-0.011268504986859617,0.0072761778254277175,0.004730873362614167,0.6730659005417714,0.01956826511213796,9,0.014331894786959117,oil_group_category,Non Oil Producer,300,0.03157861277736895,-0.012440541187296095
Non Oil Producer,Recreation and culture,9,0.014331894786959117,-0.009134028303242316,0.03779781787716055,0.01197262973977973,0.23128516708019575,0.01956826511213796,9,0.014331894786959117,oil_group_category,Non Oil Producer,300,0.03157861277736895,-0.012440541187296095
Non Oil Producer,Recreation and culture,10,0.0016329419326995588,-0.009423714987635163,0.01268959885303428,0.005641255149353877,0.7722261009856654,0.01956826511213796,9,0.014331894786959117,oil_group_category,Non Oil Producer,300,0.03157861277736895,-0.012440541187296095
Non Oil Producer,Recreation and culture,11,0.006289703341842172,-0.006496680920434456,0.019076087604118802,0.00652378531602315,0.33498642419888613,0.01956826511213796,9,0.014331894786959117,oil_group_category,Non Oil Producer,300,0.03157861277736895,-0.012440541187296095
Non Oil Producer,Recreation and culture,12,-0.00024133307240594912,-0.011323208699259568,0.01084054255444767,0.005654122072786052,0.9659544878538796,0.01956826511213796,9,0.014331894786959117,oil_group_category,Non Oil Producer,300,0.03157861277736895,-0.012440541187296095
Non Oil Producer,Restaurants and hotels,1,0.001765606094367938,-0.008967999300346014,0.012499211489081891,0.005476429913702121,0.7471489801698848,0.02382733510026682,9,0.01223106982848703,oil_group_category,Non Oil Producer,300,0.050495295145004504,0.00733599037886834
Non Oil Producer,Restaurants and hotels,2,0.0011356277577038863,-0.011388508610511888,0.01365976412591966,0.006389982911423151,0.8589428782097795,0.02382733510026682,9,0.01223106982848703,oil_group_category,Non Oil Producer,300,0.050495295145004504,0.00733599037886834
Non Oil Producer,Restaurants and hotels,3,0.0011141771228789874,-0.008433617371167955,0.01066197161692593,0.004871413234813868,0.8190885454991289,0.02382733510026682,9,0.01223106982848703,oil_group_category,Non Oil Producer,300,0.050495295145004504,0.00733599037886834
Non Oil Producer,Restaurants and hotels,4,-0.001125447970770457,-0.013817436103666432,0.011566540162125518,0.006475623140531539,0.8620245050722328,0.02382733510026682,9,0.01223106982848703,oil_group_category,Non Oil Producer,300,0.050495295145004504,0.00733599037886834
Non Oil Producer,Restaurants and hotels,5,0.001277033244799713,-0.013565491956297675,0.0161195584458971,0.007572856092343192,0.866085342451079,0.02382733510026682,9,0.01223106982848703,oil_group_category,Non Oil Producer,300,0.050495295145004504,0.00733599037886834
Non Oil Producer,Restaurants and hotels,6,-0.006418251790240021,-0.018536105600226446,0.005699602019746404,0.006182692082900763,0.2992235662872411,0.02382733510026682,9,0.01223106982848703,oil_group_category,Non Oil Producer,300,0.050495295145004504,0.00733599037886834
Non Oil Producer,Restaurants and hotels,7,0.004903316925071493,-0.010020804261785725,0.019827438111928712,0.0076144874623088905,0.5196106061446863,0.02382733510026682,9,0.01223106982848703,oil_group_category,Non Oil Producer,300,0.050495295145004504,0.00733599037886834
Non Oil Producer,Restaurants and hotels,8,-0.002255889629636593,-0.011864442576103315,0.007352663316830129,0.0049024130148603556,0.645402074264827,0.02382733510026682,9,0.01223106982848703,oil_group_category,Non Oil Producer,300,0.050495295145004504,0.00733599037886834
Non Oil Producer,Restaurants and hotels,9,0.01223106982848703,-0.0009526609160776175,0.025414800573051677,0.0067265168383481705,0.069012745852802,0.02382733510026682,9,0.01223106982848703,oil_group_category,Non Oil Producer,300,0.050495295145004504,0.00733599037886834
Non Oil Producer,Restaurants and hotels,10,-0.0035845558172159825,-0.01584966843721127,0.008680556802779307,0.006257825509417996,0.566772180185219,0.02382733510026682,9,0.01223106982848703,oil_group_category,Non Oil Producer,300,0.050495295145004504,0.00733599037886834
Non Oil Producer,Restaurants and hotels,11,0.009113449127213836,-0.0013380035165934858,0.01956490177102116,0.005332471783281247,0.08744209710287988,0.02382733510026682,9,0.01223106982848703,oil_group_category,Non Oil Producer,300,0.050495295145004504,0.00733599037886834
Non Oil Producer,Restaurants and hotels,12,0.00567120020760699,-0.004407966214186737,0.015750366629400717,0.0051425263429822725,0.2701121566748821,0.02382733510026682,9,0.01223106982848703,oil_group_category,Non Oil Producer,300,0.050495295145004504,0.00733599037886834
Non Oil Producer,Transport,1,0.022537639841493998,0.005035099680306961,0.04004018000268103,0.008930031520601829,0.01160929842406705,0.09425079375874722,1,0.022537639841493998,oil_group_category,Non Oil Producer,300,0.06170521016983821,0.019055446995740022
Non Oil Producer,Transport,2,0.022345993978079796,0.0026438957144039182,0.04204809224175567,0.010052275663779291,0.026217241035757614,0.09425079375874722,1,0.022537639841493998,oil_group_category,Non Oil Producer,300,0.06170521016983821,0.019055446995740022
Non Oil Producer,Transport,3,0.012536170933237705,-0.005885904863715298,0.03095824673019071,0.009399190976091392,0.1822858034373167,0.09425079375874722,1,0.022537639841493998,oil_group_category,Non Oil Producer,300,0.06170521016983821,0.019055446995740022
Non Oil Producer,Transport,4,0.008981184388635918,-0.006875623524468875,0.024837992301740712,0.008090356781135405,0.26695171260483574,0.09425079375874722,1,0.022537639841493998,oil_group_category,Non Oil Producer,300,0.06170521016983821,0.019055446995740022
Non Oil Producer,Transport,5,0.001844746476308408,-0.011495070268431069,0.015184563221047883,0.006806154016074912,0.7863595341506895,0.09425079375874722,1,0.022537639841493998,oil_group_category,Non Oil Producer,300,0.06170521016983821,0.019055446995740022
Non Oil Producer,Transport,6,0.01136468572896466,-0.0041851156848993105,0.02691448714282863,0.007933717933859408,0.15201394318994468,0.09425079375874722,1,0.022537639841493998,oil_group_category,Non Oil Producer,300,0.06170521016983821,0.019055446995740022
Non Oil Producer,Transport,7,0.0048626590663740435,-0.009057566228592395,0.01878288436134048,0.007102286268914837,0.49355780703747865,0.09425079375874722,1,0.022537639841493998,oil_group_category,Non Oil Producer,300,0.06170521016983821,0.019055446995740022
Non Oil Producer,Transport,8,-0.0009041913181491192,-0.013259324319223784,0.011450941682925547,0.00630375511924218,0.885945114027812,0.09425079375874722,1,0.022537639841493998,oil_group_category,Non Oil Producer,300,0.06170521016983821,0.019055446995740022
Non Oil Producer,Transport,9,0.0031177152290595145,-0.013862830210975525,0.020098260669094554,0.008663702789426447,0.7189522504102014,0.09425079375874722,1,0.022537639841493998,oil_group_category,Non Oil Producer,300,0.06170521016983821,0.019055446995740022
Non Oil Producer,Transport,10,0.0005737872855103498,-0.012808579597411753,0.013956154168432454,0.006827863669169692,0.933027700344025,0.09425079375874722,1,0.022537639841493998,oil_group_category,Non Oil Producer,300,0.06170521016983821,0.019055446995740022
Non Oil Producer,Transport,11,0.014312229981026653,-0.004982581277403685,0.03360704123945699,0.009844472352872476,0.14599229624055252,0.09425079375874722,1,0.022537639841493998,oil_group_category,Non Oil Producer,300,0.06170521016983821,0.019055446995740022
Non Oil Producer,Transport,12,-0.007321827831794709,-0.022435705340052736,0.00779204967646332,0.007711303691024104,0.3423699993452105,0.09425079375874722,1,0.022537639841493998,oil_group_category,Non Oil Producer,300,0.06170521016983821,0.019055446995740022
Oil Producer,"Alcoholic beverages, tobacco and narcotics",1,0.008327359955147093,-0.020542350605855336,0.037197070516149525,0.014729714825743239,0.5718396191247876,-0.04101098477711518,7,-0.03249537784308144,oil_group_category,Oil Producer,300,0.05317788648137978,0.010140517685078843
Oil Producer,"Alcoholic beverages, tobacco and narcotics",2,-0.013914541664453061,-0.05359241769848845,0.025763334369582332,0.020244186294753077,0.491871527249343,-0.04101098477711518,7,-0.03249537784308144,oil_group_category,Oil Producer,300,0.05317788648137978,0.010140517685078843
Oil Producer,"Alcoholic beverages, tobacco and narcotics",3,0.0028068433255289257,-0.03064667903187602,0.03626036568293387,0.017068437288277775,0.8693797268216352,-0.04101098477711518,7,-0.03249537784308144,oil_group_category,Oil Producer,300,0.05317788648137978,0.010140517685078843
Oil Producer,"Alcoholic beverages, tobacco and narcotics",4,-0.022105389586947924,-0.06139163471398982,0.01718085554009397,0.020044370935857387,0.2701041181180265,-0.04101098477711518,7,-0.03249537784308144,oil_group_category,Oil Producer,300,0.05317788648137978,0.010140517685078843
Oil Producer,"Alcoholic beverages, tobacco and narcotics",5,0.024559756757941788,-0.0058150452613874686,0.05493455877727105,0.015497632741683939,0.11302485871403457,-0.04101098477711518,7,-0.03249537784308144,oil_group_category,Oil Producer,300,0.05317788648137978,0.010140517685078843
Oil Producer,"Alcoholic beverages, tobacco and narcotics",6,0.012105365183128167,-0.016415343325895046,0.040626073692151383,0.014551649282329127,0.4054712827394922,-0.04101098477711518,7,-0.03249537784308144,oil_group_category,Oil Producer,300,0.05317788648137978,0.010140517685078843
Oil Producer,"Alcoholic beverages, tobacco and narcotics",7,-0.03249537784308144,-0.06653566772755681,0.0015449120413939393,0.01736781397667551,0.061343501714991054,-0.04101098477711518,7,-0.03249537784308144,oil_group_category,Oil Producer,300,0.05317788648137978,0.010140517685078843
Oil Producer,"Alcoholic beverages, tobacco and narcotics",8,-0.025482628347459964,-0.058600732943435124,0.007635476248515197,0.016897302632704756,0.13153186951692614,-0.04101098477711518,7,-0.03249537784308144,oil_group_category,Oil Producer,300,0.05317788648137978,0.010140517685078843
Oil Producer,"Alcoholic beverages, tobacco and narcotics",9,0.0030534008308758104,-0.02420178471388861,0.03030858637564023,0.013905962435917112,0.8262022121476755,-0.04101098477711518,7,-0.03249537784308144,oil_group_category,Oil Producer,300,0.05317788648137978,0.010140517685078843
Oil Producer,"Alcoholic beverages, tobacco and narcotics",10,-0.0085658432364532,-0.03620263040905524,0.01907094393614884,0.01410066072162422,0.5435336413302914,-0.04101098477711518,7,-0.03249537784308144,oil_group_category,Oil Producer,300,0.05317788648137978,0.010140517685078843
Oil Producer,"Alcoholic beverages, tobacco and narcotics",11,0.010965538142964516,-0.013782713824102153,0.03571379011003119,0.012626891188959452,0.385160406579081,-0.04101098477711518,7,-0.03249537784308144,oil_group_category,Oil Producer,300,0.05317788648137978,0.010140517685078843
Oil Producer,"Alcoholic beverages, tobacco and narcotics",12,-0.0002654682943058883,-0.026552727316129857,0.026021790727518077,0.013412113298598604,0.9842083630534255,-0.04101098477711518,7,-0.03249537784308144,oil_group_category,Oil Producer,300,0.05317788648137978,0.010140517685078843
Oil Producer,All Items,1,0.006814717178145536,-0.002681870293235019,0.01631130464952609,0.004845286722760431,0.15958664258452682,0.04001657981634267,5,0.007814640764208187,oil_group_category,Oil Producer,300,0.11838941501181033,0.07831620660325633
Oil Producer,All Items,2,0.002795561653346491,-0.005989866874248345,0.011580990180941327,0.004482443859628634,0.5328449310009248,0.04001657981634267,5,0.007814640764208187,oil_group_category,Oil Producer,300,0.11838941501181033,0.07831620660325633
Oil Producer,All Items,3,0.0012802210554066838,-0.007846731259303425,0.010407173370116794,0.0046566938916747175,0.7833772440785458,0.04001657981634267,5,0.007814640764208187,oil_group_category,Oil Producer,300,0.11838941501181033,0.07831620660325633
Oil Producer,All Items,4,0.004265361272660747,-0.005802696455022894,0.014333419000344388,0.0051368585377584465,0.40634414079722037,0.04001657981634267,5,0.007814640764208187,oil_group_category,Oil Producer,300,0.11838941501181033,0.07831620660325633
Oil Producer,All Items,5,0.007814640764208187,-0.0020741538609289727,0.017703435389345348,0.005045396090509168,0.12141401657231875,0.04001657981634267,5,0.007814640764208187,oil_group_category,Oil Producer,300,0.11838941501181033,0.07831620660325633
Oil Producer,All Items,6,0.005240780978615521,-0.001512345680614099,0.01199390763784514,0.003445536097855584,0.12825105584937388,0.04001657981634267,5,0.007814640764208187,oil_group_category,Oil Producer,300,0.11838941501181033,0.07831620660325633
Oil Producer,All Items,7,-0.007479662783194445,-0.016823198532101152,0.0018638729657122644,0.004767197674348777,0.1166513784870929,0.04001657981634267,5,0.007814640764208187,oil_group_category,Oil Producer,300,0.11838941501181033,0.07831620660325633
Oil Producer,All Items,8,0.005921370234542634,-0.0013675802916069098,0.013210320760692177,0.003718920645299534,0.11133344454541105,0.04001657981634267,5,0.007814640764208187,oil_group_category,Oil Producer,300,0.11838941501181033,0.07831620660325633
Oil Producer,All Items,9,0.007610212910042547,-0.0009786007252702523,0.016199026545355346,0.0043821282957545475,0.08244937916071926,0.04001657981634267,5,0.007814640764208187,oil_group_category,Oil Producer,300,0.11838941501181033,0.07831620660325633
Oil Producer,All Items,10,-0.0018424653433909803,-0.009190163617509989,0.005505232930728027,0.0037488945368775724,0.623094792442906,0.04001657981634267,5,0.007814640764208187,oil_group_category,Oil Producer,300,0.11838941501181033,0.07831620660325633
Oil Producer,All Items,11,0.0065447081673746695,-0.0010772500414726023,0.01416666637622194,0.00388882564627121,0.09238432076177776,0.04001657981634267,5,0.007814640764208187,oil_group_category,Oil Producer,300,0.11838941501181033,0.07831620660325633
Oil Producer,All Items,12,0.0010511337285850756,-0.005681187253795076,0.007783454710965226,0.0034349207615465595,0.759594011460717,0.04001657981634267,5,0.007814640764208187,oil_group_category,Oil Producer,300,0.11838941501181033,0.07831620660325633
Oil Producer,Clothing and footwear,1,-0.0025857217353880252,-0.018329481458073855,0.013158037987297805,0.00803267807310267,0.7475282019658154,-0.009272467079080842,4,0.01393115268724047,oil_group_category,Oil Producer,300,0.040869743022405536,-0.0027270868402122783
Oil Producer,Clothing and footwear,2,-0.004702517966005507,-0.027135704975329356,0.01773066904331834,0.011445713893864359,0.6811795538497,-0.009272467079080842,4,0.01393115268724047,oil_group_category,Oil Producer,300,0.040869743022405536,-0.0027270868402122783
Oil Producer,Clothing and footwear,3,-0.0028420746985441145,-0.01610133132686869,0.01041718192978046,0.006765051160588613,0.6744041199537978,-0.009272467079080842,4,0.01393115268724047,oil_group_category,Oil Producer,300,0.040869743022405536,-0.0027270868402122783
Oil Producer,Clothing and footwear,4,0.01393115268724047,-0.0035039331511813546,0.031366238525662296,0.008895615417399277,0.11733232910373732,-0.009272467079080842,4,0.01393115268724047,oil_group_category,Oil Producer,300,0.040869743022405536,-0.0027270868402122783
Oil Producer,Clothing and footwear,5,-0.0076965787060302064,-0.02326982363735059,0.007876666225290176,0.007945679131943318,0.3327200600042699,-0.009272467079080842,4,0.01393115268724047,oil_group_category,Oil Producer,300,0.040869743022405536,-0.0027270868402122783
Oil Producer,Clothing and footwear,6,0.0017965980821108589,-0.011769802264967103,0.015362998429188823,0.006921760019106472,0.7952047489697899,-0.009272467079080842,4,0.01393115268724047,oil_group_category,Oil Producer,300,0.040869743022405536,-0.0027270868402122783
Oil Producer,Clothing and footwear,7,-0.005889069216120355,-0.021100912853109256,0.009322774420868547,0.007761287328225408,0.4479872845661721,-0.009272467079080842,4,0.01393115268724047,oil_group_category,Oil Producer,300,0.040869743022405536,-0.0027270868402122783
Oil Producer,Clothing and footwear,8,0.0014918964236382455,-0.010664928211678259,0.01364872105895475,0.00620257552241163,0.8099205422142215,-0.009272467079080842,4,0.01393115268724047,oil_group_category,Oil Producer,300,0.040869743022405536,-0.0027270868402122783
Oil Producer,Clothing and footwear,9,0.004136581172093787,-0.006322467780111507,0.014595630124299082,0.0053363475220488425,0.43823869641850177,-0.009272467079080842,4,0.01393115268724047,oil_group_category,Oil Producer,300,0.040869743022405536,-0.0027270868402122783
Oil Producer,Clothing and footwear,10,-0.004711297896889563,-0.018285765621449714,0.008863169827670589,0.0069258761036599765,0.49634885822592756,-0.009272467079080842,4,0.01393115268724047,oil_group_category,Oil Producer,300,0.040869743022405536,-0.0027270868402122783
Oil Producer,Clothing and footwear,11,0.010076608249167734,-0.0070307209411876615,0.02718393743952313,0.008728389564959268,0.24831014365519055,-0.009272467079080842,4,0.01393115268724047,oil_group_category,Oil Producer,300,0.040869743022405536,-0.0027270868402122783
Oil Producer,Clothing and footwear,12,-0.012278043474354166,-0.02787042941541463,0.0033143424667062982,0.007955445132691833,0.12274565784622356,-0.009272467079080842,4,0.01393115268724047,oil_group_category,Oil Producer,300,0.040869743022405536,-0.0027270868402122783
Oil Producer,Communication,1,-0.015688799154989736,-0.047579754510969186,0.01620215620098971,0.016271194576804083,0.3349421726636027,0.004569801673865233,8,0.046035953570115806,oil_group_category,Oil Producer,300,0.06311789971250148,0.020532349699433405
Oil Producer,Communication,2,-0.014473464738381589,-0.048981673473949494,0.020034743997186313,0.017606552471251643,0.41104849623572803,0.004569801673865233,8,0.046035953570115806,oil_group_category,Oil Producer,300,0.06311789971250148,0.020532349699433405
Oil Producer,Communication,3,-0.0067911800527349865,-0.0316769936762878,0.018094633570817822,0.012697076997255528,0.59274550150652,0.004569801673865233,8,0.046035953570115806,oil_group_category,Oil Producer,300,0.06311789971250148,0.020532349699433405
Oil Producer,Communication,4,-0.004132468509320102,-0.027227290769875713,0.018962353751235506,0.011783289102618529,0.7258090306697571,0.004569801673865233,8,0.046035953570115806,oil_group_category,Oil Producer,300,0.06311789971250148,0.020532349699433405
Oil Producer,Communication,5,0.023519650047573885,-0.004348480760738443,0.05138778085588622,0.014218695357737484,0.098099966057649,0.004569801673865233,8,0.046035953570115806,oil_group_category,Oil Producer,300,0.06311789971250148,0.020532349699433405
Oil Producer,Communication,6,0.0006912965392766729,-0.027824618418244986,0.029207211496798332,0.014549203547846572,0.9621032613050277,0.004569801673865233,8,0.046035953570115806,oil_group_category,Oil Producer,300,0.06311789971250148,0.020532349699433405
Oil Producer,Communication,7,-0.017177579157917996,-0.05158358504272395,0.017228426726887958,0.017554407201456835,0.32781042859522025,0.004569801673865233,8,0.046035953570115806,oil_group_category,Oil Producer,300,0.06311789971250148,0.020532349699433405
Oil Producer,Communication,8,0.046035953570115806,0.012282927558067841,0.07978897958216377,0.01722124808327476,0.007512997061907467,0.004569801673865233,8,0.046035953570115806,oil_group_category,Oil Producer,300,0.06311789971250148,0.020532349699433405
Oil Producer,Communication,9,0.003705790292117674,-0.015513966770272013,0.022925547354507362,0.009806178692053875,0.7055022033019727,0.004569801673865233,8,0.046035953570115806,oil_group_category,Oil Producer,300,0.06311789971250148,0.020532349699433405
Oil Producer,Communication,10,0.0036990689296602097,-0.034524507788771176,0.041922645648091596,0.019502183213535598,0.8495641205305677,0.004569801673865233,8,0.046035953570115806,oil_group_category,Oil Producer,300,0.06311789971250148,0.020532349699433405
Oil Producer,Communication,11,0.021124674402859533,-0.04122568285527956,0.08347503166099862,0.031811991317162336,0.5066598880101119,0.004569801673865233,8,0.046035953570115806,oil_group_category,Oil Producer,300,0.06311789971250148,0.020532349699433405
Oil Producer,Communication,12,-0.03594314049439414,-0.07548917373954303,0.0036028927507547534,0.02017691832966471,0.07484730476924246,0.004569801673865233,8,0.046035953570115806,oil_group_category,Oil Producer,300,0.06311789971250148,0.020532349699433405
Oil Producer,Education,1,-0.011553097138226939,-0.04095686783174503,0.01785067355529115,0.015002199492159694,0.44124439889929423,0.04659595942596151,9,0.08500090911655722,oil_group_category,Oil Producer,300,0.19719072151188943,0.16069939067152084
Oil Producer,Education,2,0.01828245624119814,-0.020200790922748256,0.05676570340514454,0.019634670569202976,0.35178565191157585,0.04659595942596151,9,0.08500090911655722,oil_group_category,Oil Producer,300,0.19719072151188943,0.16069939067152084
Oil Producer,Education,3,-0.03499008404434484,-0.07133004866683552,0.0013498805781458484,0.0185411389745606,0.05913889402141367,0.04659595942596151,9,0.08500090911655722,oil_group_category,Oil Producer,300,0.19719072151188943,0.16069939067152084
Oil Producer,Education,4,0.0432194206871181,-0.00854018952517923,0.09497903089941542,0.026408449655488844,0.10171920629686311,0.04659595942596151,9,0.08500090911655722,oil_group_category,Oil Producer,300,0.19719072151188943,0.16069939067152084
Oil Producer,Education,5,-0.022508003630122855,-0.06220100195762984,0.01718499469738413,0.020251901892381848,0.2663953653750465,0.04659595942596151,9,0.08500090911655722,oil_group_category,Oil Producer,300,0.19719072151188943,0.16069939067152084
Oil Producer,Education,6,-0.010176545318386153,-0.045628389392944196,0.02527529875617189,0.01808800791963407,0.5736985538270893,0.04659595942596151,9,0.08500090911655722,oil_group_category,Oil Producer,300,0.19719072151188943,0.16069939067152084
Oil Producer,Education,7,0.016774260328796798,-0.019063789096150415,0.05261230975374401,0.018285055086538923,0.35894594159910265,0.04659595942596151,9,0.08500090911655722,oil_group_category,Oil Producer,300,0.19719072151188943,0.16069939067152084
Oil Producer,Education,8,0.03029538735236107,-0.07209231933326435,0.1326830940379865,0.05223958577466045,0.5619607347205196,0.04659595942596151,9,0.08500090911655722,oil_group_category,Oil Producer,300,0.19719072151188943,0.16069939067152084
Oil Producer,Education,9,0.08500090911655722,0.0022103197812940734,0.16779149845182037,0.042240872785574,0.04418931804503407,0.04659595942596151,9,0.08500090911655722,oil_group_category,Oil Producer,300,0.19719072151188943,0.16069939067152084
Oil Producer,Education,10,-0.06266490392677902,-0.1304271357584541,0.005097327904896046,0.03457320255176876,0.06990462362649284,0.04659595942596151,9,0.08500090911655722,oil_group_category,Oil Producer,300,0.19719072151188943,0.16069939067152084
Oil Producer,Education,11,-0.025336311055391626,-0.05656501600725901,0.005892393896475754,0.015933305508772314,0.11180148858458203,0.04659595942596151,9,0.08500090911655722,oil_group_category,Oil Producer,300,0.19719072151188943,0.16069939067152084
Oil Producer,Education,12,0.020252470813181603,-0.015599312553756867,0.05610425418012008,0.018292062328559486,0.2682192972432599,0.04659595942596151,9,0.08500090911655722,oil_group_category,Oil Producer,300,0.19719072151188943,0.16069939067152084
Oil Producer,Food and non-alcoholic beverages,1,0.021136792860736105,-0.008031762450890802,0.05030534817236301,0.014882189439043141,0.15552780741307226,0.0043232619210003265,7,-0.032921195020634716,oil_group_category,Oil Producer,300,0.057056976891161515,0.014195930386214362
Oil Producer,Food and non-alcoholic beverages,2,-0.02053368882830551,-0.06002086978946259,0.018953492132851572,0.020146891102401334,0.3081085587209774,0.0043232619210003265,7,-0.032921195020634716,oil_group_category,Oil Producer,300,0.057056976891161515,0.014195930386214362
Oil Producer,Food and non-alcoholic beverages,3,0.011376732003533927,-0.013567108806300628,0.03632057281336848,0.012726683248563948,0.371360688710179,0.0043232619210003265,7,-0.032921195020634716,oil_group_category,Oil Producer,300,0.057056976891161515,0.014195930386214362
Oil Producer,Food and non-alcoholic beverages,4,-0.008806921852646778,-0.04766044526631959,0.030046601561026034,0.019823590494592987,0.6568512061606693,0.0043232619210003265,7,-0.032921195020634716,oil_group_category,Oil Producer,300,0.057056976891161515,0.014195930386214362
Oil Producer,Food and non-alcoholic beverages,5,0.032562394545932426,-0.000683753930751721,0.06580854302261657,0.016962632343719336,0.05490154735309826,0.0043232619210003265,7,-0.032921195020634716,oil_group_category,Oil Producer,300,0.057056976891161515,0.014195930386214362
Oil Producer,Food and non-alcoholic beverages,6,0.014163388907263286,-0.013393434175264065,0.04172021198979064,0.014059861966797378,0.31376022229290035,0.0043232619210003265,7,-0.032921195020634716,oil_group_category,Oil Producer,300,0.057056976891161515,0.014195930386214362
Oil Producer,Food and non-alcoholic beverages,7,-0.032921195020634716,-0.06274419164341222,-0.003098198397857216,0.015216094202759588,0.030496810257879453,0.0043232619210003265,7,-0.032921195020634716,oil_group_category,Oil Producer,300,0.057056976891161515,0.014195930386214362
Oil Producer,Food and non-alcoholic beverages,8,-0.01358875627948752,-0.03986179808986663,0.012684285530891588,0.013404859485999494,0.31071701453877965,0.0043232619210003265,7,-0.032921195020634716,oil_group_category,Oil Producer,300,0.057056976891161515,0.014195930386214362
Oil Producer,Food and non-alcoholic beverages,9,0.011691545199527538,-0.014598043281576253,0.03798113368063133,0.013413301820070528,0.38340582714807847,0.0043232619210003265,7,-0.032921195020634716,oil_group_category,Oil Producer,300,0.057056976891161515,0.014195930386214362
Oil Producer,Food and non-alcoholic beverages,10,-0.009521049949393859,-0.03621734605765393,0.01717524615886621,0.013620809524479556,0.48454725495021467,0.0043232619210003265,7,-0.032921195020634716,oil_group_category,Oil Producer,300,0.057056976891161515,0.014195930386214362
Oil Producer,Food and non-alcoholic beverages,11,0.011344552516693985,-0.013436809618587996,0.03612591465197597,0.012643784442343944,0.3695890354705572,0.0043232619210003265,7,-0.032921195020634716,oil_group_category,Oil Producer,300,0.057056976891161515,0.014195930386214362
Oil Producer,Food and non-alcoholic beverages,12,-0.012580532182218551,-0.038000660355644755,0.012839595991207653,0.012969691470831574,0.33204912645736384,0.0043232619210003265,7,-0.032921195020634716,oil_group_category,Oil Producer,300,0.057056976891161515,0.014195930386214362
Oil Producer,"Furnishings, household equipment and routine household maintenance",1,0.014807412550685285,0.003341921477227618,0.026272903624142953,0.005849847835927598,0.011365762637282851,-0.0017721559268713653,10,-0.01767051102595253,oil_group_category,Oil Producer,300,0.08497958141601636,0.043387744207653456
Oil Producer,"Furnishings, household equipment and routine household maintenance",2,-0.004128134763243752,-0.021140927282677094,0.01288465775618959,0.008680155683281978,0.6343714657612273,-0.0017721559268713653,10,-0.01767051102595253,oil_group_category,Oil Producer,300,0.08497958141601636,0.043387744207653456
Oil Producer,"Furnishings, household equipment and routine household maintenance",3,-0.0003369984028411049,-0.018751363469495318,0.018077366663813106,0.009395256857730232,0.971386819919611,-0.0017721559268713653,10,-0.01767051102595253,oil_group_category,Oil Producer,300,0.08497958141601636,0.043387744207653456
Oil Producer,"Furnishings, household equipment and routine household maintenance",4,0.011508524363296873,-0.008555726603724818,0.03157277533031856,0.010237050846487968,0.2609268718840111,-0.0017721559268713653,10,-0.01767051102595253,oil_group_category,Oil Producer,300,0.08497958141601636,0.043387744207653456
Oil Producer,"Furnishings, household equipment and routine household maintenance",5,-0.008962164168169407,-0.027833108644632006,0.009908780308293192,0.009628209816769187,0.3519448603423009,-0.0017721559268713653,10,-0.01767051102595253,oil_group_category,Oil Producer,300,0.08497958141601636,0.043387744207653456
Oil Producer,"Furnishings, household equipment and routine household maintenance",6,0.004487701057329126,-0.013035959229193683,0.022011361343851933,0.008940807292760075,0.6157134844410131,-0.0017721559268713653,10,-0.01767051102595253,oil_group_category,Oil Producer,300,0.08497958141601636,0.043387744207653456
Oil Producer,"Furnishings, household equipment and routine household maintenance",7,-0.011349189556129298,-0.02543514905761117,0.0027367699453525723,0.007186846091351741,0.11429905328571892,-0.0017721559268713653,10,-0.01767051102595253,oil_group_category,Oil Producer,300,0.08497958141601636,0.043387744207653456
Oil Producer,"Furnishings, household equipment and routine household maintenance",8,0.008295448031599411,-0.005591157414197849,0.02218205347739667,0.007085132969448946,0.24166928431351642,-0.0017721559268713653,10,-0.01767051102595253,oil_group_category,Oil Producer,300,0.08497958141601636,0.043387744207653456
Oil Producer,"Furnishings, household equipment and routine household maintenance",9,0.004662552120153423,-0.008860036994790453,0.0181851412350973,0.006899406938907213,0.4991738093222936,-0.0017721559268713653,10,-0.01767051102595253,oil_group_category,Oil Producer,300,0.08497958141601636,0.043387744207653456
Oil Producer,"Furnishings, household equipment and routine household maintenance",10,-0.01767051102595253,-0.03580654228882088,0.0004655202369158208,0.00925324720552166,0.05617763136808302,-0.0017721559268713653,10,-0.01767051102595253,oil_group_category,Oil Producer,300,0.08497958141601636,0.043387744207653456
Oil Producer,"Furnishings, household equipment and routine household maintenance",11,-0.00040429086962071037,-0.009003378288697928,0.008194796549456507,0.004387370118484688,0.9265798205389091,-0.0017721559268713653,10,-0.01767051102595253,oil_group_category,Oil Producer,300,0.08497958141601636,0.043387744207653456
Oil Producer,"Furnishings, household equipment and routine household maintenance",12,-0.002682505263978681,-0.016537182346610634,0.011172171818653273,0.007068842688904429,0.7043292644021486,-0.0017721559268713653,10,-0.01767051102595253,oil_group_category,Oil Producer,300,0.08497958141601636,0.043387744207653456
Oil Producer,Health,1,0.0009981902193166897,-0.01675648107749782,0.0187528615161312,0.00905867221890866,0.9122573684624331,0.020317726947019964,8,0.016723845466881007,oil_group_category,Oil Producer,300,0.019500412664685385,-0.025067750396010613
Oil Producer,Health,2,0.005644618068727649,-0.016638049604415922,0.02792728574187122,0.011368916903017817,0.6195447382329694,0.020317726947019964,8,0.016723845466881007,oil_group_category,Oil Producer,300,0.019500412664685385,-0.025067750396010613
Oil Producer,Health,3,-5.026358860137081e-05,-0.020562312421661965,0.020461785244459223,0.01046552334372316,0.9961679520632477,0.020317726947019964,8,0.016723845466881007,oil_group_category,Oil Producer,300,0.019500412664685385,-0.025067750396010613
Oil Producer,Health,4,0.005698026788206621,-0.017938252461763664,0.029334306038176904,0.012059547744963806,0.6365764225426733,0.020317726947019964,8,0.016723845466881007,oil_group_category,Oil Producer,300,0.019500412664685385,-0.025067750396010613
Oil Producer,Health,5,0.003500532978711994,-0.016452997952649286,0.023454063910073274,0.010180559994342848,0.7309629797049267,0.020317726947019964,8,0.016723845466881007,oil_group_category,Oil Producer,300,0.019500412664685385,-0.025067750396010613
Oil Producer,Health,6,-0.006722089974937806,-0.02264813887572762,0.009203958925852006,0.008125684464823056,0.4080871827266963,0.020317726947019964,8,0.016723845466881007,oil_group_category,Oil Producer,300,0.019500412664685385,-0.025067750396010613
Oil Producer,Health,7,-0.0003018883921290555,-0.017566541511419956,0.016962764727161846,0.00880865835059842,0.9726604287538311,0.020317726947019964,8,0.016723845466881007,oil_group_category,Oil Producer,300,0.019500412664685385,-0.025067750396010613
Oil Producer,Health,8,0.016723845466881007,-0.00042564067108323556,0.03387333160484525,0.008749898606932168,0.055963628023057606,0.020317726947019964,8,0.016723845466881007,oil_group_category,Oil Producer,300,0.019500412664685385,-0.025067750396010613
Oil Producer,Health,9,0.0033504874405432513,-0.015263409771512467,0.021964384652598968,0.009497060843403127,0.7242443539752654,0.020317726947019964,8,0.016723845466881007,oil_group_category,Oil Producer,300,0.019500412664685385,-0.025067750396010613
Oil Producer,Health,10,-0.011279875133991242,-0.03436617521277721,0.011806424944794726,0.0117789409707973,0.33824902796371925,0.020317726947019964,8,0.016723845466881007,oil_group_category,Oil Producer,300,0.019500412664685385,-0.025067750396010613
Oil Producer,Health,11,0.0025671088404463317,-0.016789778174296575,0.02192399585518924,0.009876144239091925,0.7949175613445139,0.020317726947019964,8,0.016723845466881007,oil_group_category,Oil Producer,300,0.019500412664685385,-0.025067750396010613
Oil Producer,Health,12,0.00018903423384589602,-0.015543159014945823,0.015921227482637614,0.008026776702472725,0.9812111933207533,0.020317726947019964,8,0.016723845466881007,oil_group_category,Oil Producer,300,0.019500412664685385,-0.025067750396010613
Oil Producer,"Housing, water, electricity, gas and other fuels",1,-0.00899700155757273,-0.031437951677036384,0.013443948561890922,0.011449674737125276,0.4319924888653678,0.07696376252146618,4,0.035077225031494685,oil_group_category,Oil Producer,300,0.041805950801361735,-0.001748324162212711
Oil Producer,"Housing, water, electricity, gas and other fuels",2,-0.005364992900132265,-0.02682001155897333,0.016090025758708798,0.010946639238310253,0.6240602286902741,0.07696376252146618,4,0.035077225031494685,oil_group_category,Oil Producer,300,0.041805950801361735,-0.001748324162212711
Oil Producer,"Housing, water, electricity, gas and other fuels",3,-0.000838481409217847,-0.028245861943704317,0.026568899125268625,0.013983614367749812,0.9521861319378371,0.07696376252146618,4,0.035077225031494685,oil_group_category,Oil Producer,300,0.041805950801361735,-0.001748324162212711
Oil Producer,"Housing, water, electricity, gas and other fuels",4,0.035077225031494685,-0.01080242141247538,0.08095687147546475,0.023408413014658874,0.13400651883575407,0.07696376252146618,4,0.035077225031494685,oil_group_category,Oil Producer,300,0.041805950801361735,-0.001748324162212711
Oil Producer,"Housing, water, electricity, gas and other fuels",5,0.0042710717948809904,-0.020111056763819017,0.028653200353580995,0.012440090099115661,0.7313492671689256,0.07696376252146618,4,0.035077225031494685,oil_group_category,Oil Producer,300,0.041805950801361735,-0.001748324162212711
Oil Producer,"Housing, water, electricity, gas and other fuels",6,-0.0031646497157884843,-0.030196733109194462,0.02386743367761749,0.013792132716025194,0.8185166501822931,0.07696376252146618,4,0.035077225031494685,oil_group_category,Oil Producer,300,0.041805950801361735,-0.001748324162212711
Oil Producer,"Housing, water, electricity, gas and other fuels",7,0.020923228982245943,-0.012425581517360684,0.054272039481852566,0.017015011889329492,0.21881235402965138,0.07696376252146618,4,0.035077225031494685,oil_group_category,Oil Producer,300,0.041805950801361735,-0.001748324162212711
Oil Producer,"Housing, water, electricity, gas and other fuels",8,0.016869644834858935,-0.006804422259184012,0.04054371192890188,0.012078827611517849,0.16252506759349505,0.07696376252146618,4,0.035077225031494685,oil_group_category,Oil Producer,300,0.041805950801361735,-0.001748324162212711
Oil Producer,"Housing, water, electricity, gas and other fuels",9,0.010307846177156695,-0.014670290123727472,0.035285982478040864,0.012744181269609299,0.41861428992696725,0.07696376252146618,4,0.035077225031494685,oil_group_category,Oil Producer,300,0.041805950801361735,-0.001748324162212711
Oil Producer,"Housing, water, electricity, gas and other fuels",10,0.010910246952759493,-0.041525513806474575,0.06334600771199356,0.026753430763442932,0.6834150827852019,0.07696376252146618,4,0.035077225031494685,oil_group_category,Oil Producer,300,0.041805950801361735,-0.001748324162212711
Oil Producer,"Housing, water, electricity, gas and other fuels",11,-0.007229319716500765,-0.039409429401851576,0.024950789968850043,0.016418725006777376,0.6597129999911789,0.07696376252146618,4,0.035077225031494685,oil_group_category,Oil Producer,300,0.041805950801361735,-0.001748324162212711
Oil Producer,"Housing, water, electricity, gas and other fuels",12,0.004198944047281537,-0.012372752419573738,0.02077064051413681,0.008455102541460303,0.6194594639519504,0.07696376252146618,4,0.035077225031494685,oil_group_category,Oil Producer,300,0.041805950801361735,-0.001748324162212711
Oil Producer,Miscellaneous goods and services,1,0.017845325410318656,-0.0017068989326079198,0.03739754975324523,0.009975807972570938,0.07363733992165473,0.028741288263661922,1,0.017845325410318656,oil_group_category,Oil Producer,300,0.05755917279665013,0.014720953378316026
Oil Producer,Miscellaneous goods and services,2,-0.0015807631316033513,-0.012712561123793969,0.009551034860587268,0.005679593135382498,0.780764187918982,0.028741288263661922,1,0.017845325410318656,oil_group_category,Oil Producer,300,0.05755917279665013,0.014720953378316026
Oil Producer,Miscellaneous goods and services,3,0.0036562459362463277,-0.012778381640282046,0.0200908735127747,0.00838516814908979,0.6628096795751168,0.028741288263661922,1,0.017845325410318656,oil_group_category,Oil Producer,300,0.05755917279665013,0.014720953378316026
Oil Producer,Miscellaneous goods and services,4,0.005734909687620906,-0.008176197648404061,0.01964601702364587,0.007097634163563212,0.41908885590452005,0.028741288263661922,1,0.017845325410318656,oil_group_category,Oil Producer,300,0.05755917279665013,0.014720953378316026
Oil Producer,Miscellaneous goods and services,5,0.008861496317848784,-0.004545089257047901,0.02226808189274547,0.006840220371724237,0.19514826371201488,0.028741288263661922,1,0.017845325410318656,oil_group_category,Oil Producer,300,0.05755917279665013,0.014720953378316026
Oil Producer,Miscellaneous goods and services,6,0.004875881239401508,-0.009317700985713072,0.019069463464516087,0.007241756653220031,0.5007558832010683,0.028741288263661922,1,0.017845325410318656,oil_group_category,Oil Producer,300,0.05755917279665013,0.014720953378316026
Oil Producer,Miscellaneous goods and services,7,-0.009794819799645808,-0.02335177720944294,0.0037621376101513258,0.006916942105432898,0.1567573133618245,0.028741288263661922,1,0.017845325410318656,oil_group_category,Oil Producer,300,0.05755917279665013,0.014720953378316026
Oil Producer,Miscellaneous goods and services,8,0.0028885741278630015,-0.010349691255688947,0.01612683951141495,0.00675434114502802,0.6688973182572668,0.028741288263661922,1,0.017845325410318656,oil_group_category,Oil Producer,300,0.05755917279665013,0.014720953378316026
Oil Producer,Miscellaneous goods and services,9,0.0028865172473967905,-0.009137158446348858,0.01491019294114244,0.006134641140646904,0.6379782046085687,0.028741288263661922,1,0.017845325410318656,oil_group_category,Oil Producer,300,0.05755917279665013,0.014720953378316026
Oil Producer,Miscellaneous goods and services,10,-0.0028020363384283825,-0.016190338239518973,0.01058626556266221,0.006830891795306347,0.6816587551079993,0.028741288263661922,1,0.017845325410318656,oil_group_category,Oil Producer,300,0.05755917279665013,0.014720953378316026
Oil Producer,Miscellaneous goods and services,11,0.0036347662199569864,-0.00495118614460854,0.012220718584522512,0.004380668436915384,0.40669220480799173,0.028741288263661922,1,0.017845325410318656,oil_group_category,Oil Producer,300,0.05755917279665013,0.014720953378316026
Oil Producer,Miscellaneous goods and services,12,-0.007464808653313497,-0.02245582220207474,0.007526204895447747,0.007648616845517799,0.3290801040946969,0.028741288263661922,1,0.017845325410318656,oil_group_category,Oil Producer,300,0.05755917279665013,0.014720953378316026
Oil Producer,Recreation and culture,1,0.02472704392991102,-0.034431016496870755,0.0838851043566928,0.0301832385153059,0.41265464532273166,0.008131302108872397,11,-0.08200610227517988,oil_group_category,Oil Producer,300,0.04734149894754813,0.004038839808800376
Oil Producer,Recreation and culture,2,0.01656551823459966,-0.02789739828190249,0.06102843475110181,0.022685578340836857,0.4652542317363588,0.008131302108872397,11,-0.08200610227517988,oil_group_category,Oil Producer,300,0.04734149894754813,0.004038839808800376
Oil Producer,Recreation and culture,3,-0.015013089014596475,-0.06362552269830468,0.033599344669111735,0.024802717839285258,0.5449795767932495,0.008131302108872397,11,-0.08200610227517988,oil_group_category,Oil Producer,300,0.04734149894754813,0.004038839808800376
Oil Producer,Recreation and culture,4,-0.029258140375985765,-0.08744997982292198,0.028933699070950447,0.029690259569025768,0.32440516220002236,0.008131302108872397,11,-0.08200610227517988,oil_group_category,Oil Producer,300,0.04734149894754813,0.004038839808800376
Oil Producer,Recreation and culture,5,0.029687191303784118,-0.045703691214111934,0.10507807382168016,0.038465442790056203,0.4402396283662988,0.008131302108872397,11,-0.08200610227517988,oil_group_category,Oil Producer,300,0.04734149894754813,0.004038839808800376
Oil Producer,Recreation and culture,6,-0.049234909227884684,-0.18888312806132584,0.09041330960555649,0.07125040048438058,0.48955775748206354,0.008131302108872397,11,-0.08200610227517988,oil_group_category,Oil Producer,300,0.04734149894754813,0.004038839808800376
Oil Producer,Recreation and culture,7,-0.0015938977053853447,-0.034270299836748445,0.031082504425977757,0.0166719400913029,0.9238353957342849,0.008131302108872397,11,-0.08200610227517988,oil_group_category,Oil Producer,300,0.04734149894754813,0.004038839808800376
Oil Producer,Recreation and culture,8,0.027123617681117988,-0.023408574547053435,0.07765580990928941,0.025782204482716474,0.29278640692897695,0.008131302108872397,11,-0.08200610227517988,oil_group_category,Oil Producer,300,0.04734149894754813,0.004038839808800376
Oil Producer,Recreation and culture,9,-0.0404845405997902,-0.11538889338375533,0.03441981218417492,0.03821720877261067,0.2894506505813742,0.008131302108872397,11,-0.08200610227517988,oil_group_category,Oil Producer,300,0.04734149894754813,0.004038839808800376
Oil Producer,Recreation and culture,10,0.07315820115697706,-0.0732376941534205,0.21955409646737462,0.07469315582589768,0.3273577504770696,0.008131302108872397,11,-0.08200610227517988,oil_group_category,Oil Producer,300,0.04734149894754813,0.004038839808800376
Oil Producer,Recreation and culture,11,-0.08200610227517988,-0.227561833290101,0.06354962873974124,0.07426449269631798,0.26948741394119724,0.008131302108872397,11,-0.08200610227517988,oil_group_category,Oil Producer,300,0.04734149894754813,0.004038839808800376
Oil Producer,Recreation and culture,12,0.054460409001304895,-0.059149205541234116,0.1680700235438439,0.05796515417562627,0.347455087577779,0.008131302108872397,11,-0.08200610227517988,oil_group_category,Oil Producer,300,0.04734149894754813,0.004038839808800376
Oil Producer,Restaurants and hotels,1,0.006358073713823053,-0.0113877042553306,0.024103851682976705,0.009054134723459251,0.4825365185524815,0.022713794012703938,12,-0.015538418716045069,oil_group_category,Oil Producer,300,0.032887515234552356,-0.011072143163876946
Oil Producer,Restaurants and hotels,2,0.007434117233624048,-0.012078232812766251,0.026946467280014347,0.009955463569892726,0.4552220740408789,0.022713794012703938,12,-0.015538418716045069,oil_group_category,Oil Producer,300,0.032887515234552356,-0.011072143163876946
Oil Producer,Restaurants and hotels,3,-0.0017237898264371642,-0.030050471899903657,0.026602892247029327,0.014452654383908964,0.9050602587627865,0.022713794012703938,12,-0.015538418716045069,oil_group_category,Oil Producer,300,0.032887515234552356,-0.011072143163876946
Oil Producer,Restaurants and hotels,4,0.00903173086595211,-0.008892112264229986,0.026955573996134206,0.009144985964825417,0.323340939758344,0.022713794012703938,12,-0.015538418716045069,oil_group_category,Oil Producer,300,0.032887515234552356,-0.011072143163876946
Oil Producer,Restaurants and hotels,5,0.004410931882622041,-0.012302365339620945,0.021124229104865028,0.008527349152369811,0.604968512682043,0.022713794012703938,12,-0.015538418716045069,oil_group_category,Oil Producer,300,0.032887515234552356,-0.011072143163876946
Oil Producer,Restaurants and hotels,6,0.005003925531839272,-0.012972215639776274,0.022980066703454816,0.009171669129335567,0.5853512053169541,0.022713794012703938,12,-0.015538418716045069,oil_group_category,Oil Producer,300,0.032887515234552356,-0.011072143163876946
Oil Producer,Restaurants and hotels,7,-0.008891209797235676,-0.026070318326494896,0.008287898732023546,0.008765012349597156,0.3103929435753586,0.022713794012703938,12,-0.015538418716045069,oil_group_category,Oil Producer,300,0.032887515234552356,-0.011072143163876946
Oil Producer,Restaurants and hotels,8,0.01318526506494298,-0.002115067337882772,0.02848559746776873,0.007806435487342024,0.09121463014567818,0.022713794012703938,12,-0.015538418716045069,oil_group_category,Oil Producer,300,0.032887515234552356,-0.011072143163876946
Oil Producer,Restaurants and hotels,9,0.0020891547807619084,-0.013954906423942412,0.01813321598546623,0.00818589593036292,0.7985578622951639,0.022713794012703938,12,-0.015538418716045069,oil_group_category,Oil Producer,300,0.032887515234552356,-0.011072143163876946
Oil Producer,Restaurants and hotels,10,-0.0030628880661207076,-0.0224210802409592,0.01629530410871778,0.009876810149336132,0.7564780416552062,0.022713794012703938,12,-0.015538418716045069,oil_group_category,Oil Producer,300,0.032887515234552356,-0.011072143163876946
Oil Producer,Restaurants and hotels,11,0.004416901344977135,-0.010029339241705116,0.018863141931659385,0.007370666349296392,0.5490035130962742,0.022713794012703938,12,-0.015538418716045069,oil_group_category,Oil Producer,300,0.032887515234552356,-0.011072143163876946
Oil Producer,Restaurants and hotels,12,-0.015538418716045069,-0.03416607726071694,0.0030892398286267962,0.0095040820604891,0.10206571172918963,0.022713794012703938,12,-0.015538418716045069,oil_group_category,Oil Producer,300,0.032887515234552356,-0.011072143163876946
Oil Producer,Transport,1,0.00046441529249808145,-0.02626855644911623,0.02719738703411239,0.013639521926158124,0.9728378892874511,0.030930375792290882,8,0.020275749735877792,oil_group_category,Oil Producer,300,0.018212266390942533,-0.026414448773105503
Oil Producer,Transport,2,-0.000489541307890618,-0.03160790615371769,0.030628823537936452,0.015877008501832057,0.9754024462251414,0.030930375792290882,8,0.020275749735877792,oil_group_category,Oil Producer,300,0.018212266390942533,-0.026414448773105503
Oil Producer,Transport,3,0.009833777934092527,-0.01551978732810744,0.03518734319629249,0.012935730177791866,0.4471333885307439,0.030930375792290882,8,0.020275749735877792,oil_group_category,Oil Producer,300,0.018212266390942533,-0.026414448773105503
Oil Producer,Transport,4,0.008136573462772665,-0.02348563337250355,0.039758780298048885,0.0161340754650127,0.6140436443432133,0.030930375792290882,8,0.020275749735877792,oil_group_category,Oil Producer,300,0.018212266390942533,-0.026414448773105503
Oil Producer,Transport,5,0.004865631317745673,-0.0153822600543666,0.025113522689857944,0.010330746652400278,0.6376511282902715,0.030930375792290882,8,0.020275749735877792,oil_group_category,Oil Producer,300,0.018212266390942533,-0.026414448773105503
Oil Producer,Transport,6,-0.0024373787253371302,-0.03594543423888508,0.031070676788210818,0.01709626083839051,0.8866314172937545,0.030930375792290882,8,0.020275749735877792,oil_group_category,Oil Producer,300,0.018212266390942533,-0.026414448773105503
Oil Producer,Transport,7,-0.003115978007227972,-0.02912437209838762,0.02289241608393168,0.013269832658309309,0.8143510233454512,0.030930375792290882,8,0.020275749735877792,oil_group_category,Oil Producer,300,0.018212266390942533,-0.026414448773105503
Oil Producer,Transport,8,0.020275749735877792,-0.007538128259066853,0.04808962773082244,0.01419101484228127,0.15306926771946375,0.030930375792290882,8,0.020275749735877792,oil_group_category,Oil Producer,300,0.018212266390942533,-0.026414448773105503
Oil Producer,Transport,9,0.0040270480144287,-0.013664209272433104,0.021718305301290503,0.009026317537673235,0.655492382806812,0.030930375792290882,8,0.020275749735877792,oil_group_category,Oil Producer,300,0.018212266390942533,-0.026414448773105503
Oil Producer,Transport,10,-0.010877617937847025,-0.03075157099928002,0.008996335123585969,0.010139958294232037,0.2833842879846111,0.030930375792290882,8,0.020275749735877792,oil_group_category,Oil Producer,300,0.018212266390942533,-0.026414448773105503
Oil Producer,Transport,11,0.004072299078938407,-0.019986990296420926,0.028131588454297737,0.012275373203352683,0.7400814860598477,0.030930375792290882,8,0.020275749735877792,oil_group_category,Oil Producer,300,0.018212266390942533,-0.026414448773105503
Oil Producer,Transport,12,-0.0038246030657602195,-0.03756545906226907,0.02991625293074863,0.017215038777575718,0.8241843550877663,0.030930375792290882,8,0.020275749735877792,oil_group_category,Oil Producer,300,0.018212266390942533,-0.026414448773105503
